user_id,pet_id,rating
1,d_4,1
2,d_2,1
3,d_2,1
3,d_4,1
3,d_17,1
3,d_26,1
4,d_16,1
4,d_22,1
4,d_26,1
5,d_13,1
5,c_2,1
6,d_15,1
7,c_9,1
7,c_10,1
7,c_11,1
7,c_12,1
7,c_20,1
7,c_14,1
7,c_22,1
7,c_13,1
8,d_4,1
9,d_1,1
9,d_3,1
9,d_6,1
9,d_11,1
9,d_15,1
9,d_16,1
9,d_22,1
9,d_23,1
9,d_26,1
9,c_1,1
9,c_2,1
9,c_3,1
9,c_4,1
9,c_7,1
9,c_8,1
9,c_9,1
9,c_10,1
9,c_11,1
9,c_12,1
9,c_13,1
9,c_14,1
9,c_15,1
9,c_16,1
9,c_17,1
9,c_18,1
9,c_19,1
9,c_20,1
9,c_21,1
9,c_22,1
9,c_24,1
9,c_25,1
10,d_4,1
11,d_4,1
11,d_20,1
11,d_26,1
12,c_3,1
12,c_13,1
12,c_15,1
12,c_19,1
13,d_4,1
13,d_13,1
13,d_14,1
13,c_7,1
13,c_9,1
13,c_10,1
13,c_11,1
13,c_14,1
13,c_15,1
13,c_17,1
14,d_4,1
14,d_5,1
14,d_16,1
14,d_17,1
14,d_24,1
14,d_25,1
15,c_11,1
16,c_11,1
17,d_2,1
17,d_3,1
17,d_4,1
17,d_14,1
17,c_1,1
17,c_7,1
17,c_8,1
17,c_9,1
17,c_10,1
17,c_11,1
17,c_12,1
17,c_13,1
17,c_14,1
17,c_15,1
17,c_16,1
17,c_19,1
17,c_20,1
17,c_21,1
17,c_22,1
17,c_23,1
17,c_24,1
17,c_25,1
18,d_2,1
19,c_2,1
19,c_7,1
19,c_18,1
20,d_2,1
20,d_4,1
20,d_17,1
20,d_19,1
21,c_1,1
21,c_2,1
21,c_3,1
21,c_4,1
21,c_5,1
21,c_6,1
21,c_7,1
21,c_8,1
21,c_9,1
21,c_10,1
21,c_11,1
21,c_12,1
21,c_13,1
21,c_14,1
21,c_15,1
21,c_16,1
21,c_17,1
21,c_18,1
21,c_19,1
21,c_20,1
21,c_21,1
21,c_22,1
21,c_23,1
21,c_24,1
21,c_25,1
22,c_3,1
23,d_1,1
23,d_2,1
23,d_3,1
23,d_4,1
23,d_5,1
23,d_6,1
23,d_7,1
23,d_8,1
23,d_9,1
23,d_10,1
23,d_11,1
23,d_12,1
23,d_13,1
23,d_14,1
23,d_15,1
23,d_16,1
23,d_17,1
23,d_18,1
23,d_19,1
23,d_20,1
23,d_22,1
23,d_23,1
23,d_24,1
23,d_25,1
23,d_26,1
24,d_16,1
24,c_9,1
25,d_2,1
25,d_6,1
25,d_16,1
25,d_22,1
25,d_26,1
25,c_11,1
25,c_12,1
25,c_13,1
25,c_14,1
25,c_19,1
25,c_20,1
26,d_1,1
26,d_6,1
26,d_16,1
27,d_3,1
27,d_9,1
28,c_5,1
28,c_7,1
28,c_14,1
28,c_18,1
29,d_15,1
29,d_22,1
30,d_3,1
30,d_4,1
30,d_7,1
30,d_13,1
30,d_19,1
30,c_1,1
30,c_3,1
30,c_4,1
30,c_7,1
30,c_8,1
30,c_9,1
30,c_10,1
30,c_12,1
30,c_13,1
30,c_14,1
30,c_15,1
30,c_16,1
30,c_18,1
30,c_19,1
30,c_21,1
31,d_13,1
32,c_5,1
32,c_6,1
32,c_11,1
32,c_16,1
32,c_17,1
32,c_20,1
32,c_21,1
32,c_22,1
32,c_25,1
33,d_6,1
33,d_15,1
33,d_16,1
34,d_2,1
35,d_4,1
36,d_2,1
36,d_16,1
37,d_16,1
38,c_6,1
38,c_21,1
38,c_22,1
39,c_5,1
39,c_7,1
39,c_9,1
39,c_10,1
39,c_17,1
40,d_1,1
40,d_2,1
40,d_6,1
40,d_12,1
40,d_15,1
40,d_16,1
40,d_18,1
40,d_20,1
40,d_22,1
40,d_26,1
41,d_1,1
41,d_6,1
41,d_8,1
41,d_9,1
41,d_15,1
41,d_16,1
41,d_18,1
41,d_22,1
41,d_23,1
41,d_26,1
42,c_4,1
42,c_7,1
42,c_9,1
42,c_10,1
42,c_13,1
42,c_15,1
42,c_17,1
42,c_18,1
43,c_13,1
44,d_3,1
44,d_7,1
44,d_10,1
44,d_11,1
44,d_12,1
44,d_14,1
44,d_15,1
44,d_19,1
44,d_24,1
44,d_25,1
45,d_15,1
45,d_16,1
45,d_17,1
45,d_26,1
45,c_2,1
45,c_3,1
45,c_4,1
45,c_5,1
45,c_7,1
45,c_9,1
45,c_10,1
45,c_11,1
45,c_13,1
45,c_14,1
45,c_15,1
45,c_17,1
45,c_18,1
45,c_19,1
45,c_20,1
45,c_24,1
46,d_2,1
46,d_16,1
46,d_22,1
47,d_26,1
48,d_2,1
48,d_13,1
48,d_14,1
48,d_16,1
48,d_26,1
48,c_2,1
48,c_3,1
48,c_4,1
48,c_6,1
48,c_10,1
48,c_11,1
48,c_13,1
48,c_14,1
48,c_19,1
48,c_23,1
48,c_25,1
49,d_11,1
50,d_4,1
50,d_7,1
50,d_19,1
50,d_22,1
50,d_23,1
51,c_2,1
51,c_3,1
51,c_9,1
51,c_10,1
51,c_13,1
51,c_18,1
51,c_19,1
51,c_21,1
51,c_22,1
52,d_3,1
53,c_7,1
53,c_9,1
53,c_10,1
53,c_11,1
53,c_12,1
53,c_13,1
53,c_15,1
53,c_17,1
53,c_19,1
53,c_21,1
53,c_22,1
53,c_24,1
53,c_25,1
54,d_4,1
54,d_16,1
55,d_15,1
56,d_1,1
56,d_2,1
56,d_3,1
56,d_4,1
56,d_7,1
56,d_10,1
56,d_15,1
56,d_17,1
56,d_19,1
56,d_20,1
56,d_22,1
56,d_23,1
56,c_1,1
56,c_2,1
56,c_3,1
56,c_4,1
56,c_7,1
56,c_8,1
56,c_9,1
56,c_10,1
56,c_11,1
56,c_12,1
56,c_13,1
56,c_14,1
56,c_15,1
56,c_16,1
56,c_17,1
56,c_18,1
56,c_19,1
56,c_20,1
56,c_21,1
56,c_22,1
56,c_23,1
56,c_24,1
56,c_25,1
57,d_1,1
57,d_2,1
57,d_3,1
57,d_4,1
57,d_5,1
57,d_6,1
57,d_7,1
57,d_8,1
57,d_9,1
57,d_10,1
57,d_11,1
57,d_12,1
57,d_13,1
57,d_14,1
57,d_15,1
57,d_16,1
57,d_17,1
57,d_18,1
57,d_19,1
57,d_20,1
57,d_22,1
57,d_23,1
57,d_24,1
57,d_25,1
57,d_26,1
57,c_2,1
57,c_3,1
57,c_4,1
57,c_6,1
57,c_5,1
57,c_7,1
57,c_8,1
57,c_9,1
57,c_10,1
57,c_11,1
57,c_12,1
57,c_13,1
57,c_14,1
57,c_15,1
57,c_16,1
57,c_17,1
57,c_18,1
57,c_19,1
57,c_20,1
57,c_21,1
57,c_22,1
57,c_23,1
57,c_24,1
57,c_25,1
58,c_5,1
58,c_7,1
58,c_9,1
58,c_10,1
59,d_3,1
60,d_4,1
60,d_8,1
60,d_11,1
60,d_22,1
60,c_1,1
60,c_7,1
60,c_10,1
60,c_13,1
60,c_14,1
60,c_15,1
60,c_18,1
60,c_22,1
61,d_2,1
62,d_3,1
63,d_2,1
63,d_3,1
63,d_4,1
63,d_5,1
63,d_8,1
63,d_10,1
63,d_11,1
63,d_13,1
63,d_17,1
63,d_19,1
64,d_3,1
65,c_19,1
66,d_23,1
66,d_24,1
66,d_25,1
66,c_1,1
66,c_7,1
66,c_10,1
66,c_15,1
66,c_23,1
66,c_24,1
67,d_4,1
67,d_11,1
67,d_18,1
68,c_1,1
68,c_3,1
68,c_7,1
68,c_8,1
68,c_9,1
68,c_12,1
68,c_13,1
68,c_14,1
68,c_15,1
68,c_17,1
68,c_18,1
68,c_19,1
68,c_22,1
69,d_2,1
69,d_4,1
69,d_8,1
69,d_10,1
69,d_11,1
69,d_24,1
69,d_25,1
70,d_4,1
71,d_2,1
71,d_4,1
71,d_11,1
71,d_15,1
71,d_26,1
71,c_2,1
71,c_7,1
71,c_10,1
71,c_14,1
72,c_5,1
72,c_25,1
73,d_2,1
73,d_3,1
73,d_4,1
73,d_13,1
73,d_19,1
74,d_14,1
75,d_17,1
75,c_10,1
76,d_15,1
76,c_7,1
77,d_18,1
78,d_3,1
78,d_4,1
78,d_7,1
78,d_8,1
78,d_11,1
78,d_13,1
78,d_19,1
78,d_24,1
78,d_25,1
79,d_2,1
80,c_4,1
80,c_6,1
80,c_9,1
80,c_10,1
81,c_13,1
82,d_19,1
83,c_7,1
83,c_8,1
83,c_9,1
83,c_10,1
83,c_11,1
83,c_12,1
83,c_13,1
83,c_15,1
83,c_17,1
83,c_18,1
83,c_19,1
83,c_21,1
83,c_23,1
84,c_11,1
85,c_5,1
85,c_6,1
85,c_11,1
85,c_13,1
85,c_16,1
85,c_20,1
85,c_21,1
85,c_23,1
85,c_25,1
86,d_1,1
87,c_2,1
87,c_7,1
87,c_9,1
87,c_10,1
87,c_11,1
87,c_12,1
87,c_13,1
87,c_18,1
87,c_19,1
88,d_2,1
88,d_13,1
88,d_17,1
88,c_9,1
88,c_16,1
88,c_19,1
88,c_21,1
88,c_24,1
89,d_2,1
90,d_2,1
90,d_17,1
90,c_7,1
90,c_9,1
90,c_10,1
90,c_11,1
90,c_13,1
90,c_14,1
91,d_2,1
91,d_4,1
91,d_19,1
92,d_8,1
93,c_1,1
93,c_2,1
93,c_3,1
93,c_4,1
93,c_6,1
93,c_5,1
93,c_7,1
93,c_8,1
93,c_9,1
93,c_10,1
93,c_11,1
93,c_12,1
93,c_13,1
93,c_14,1
93,c_15,1
93,c_16,1
93,c_17,1
93,c_18,1
93,c_19,1
93,c_20,1
93,c_21,1
93,c_22,1
93,c_23,1
93,c_24,1
93,c_25,1
94,d_19,1
94,c_16,1
95,c_7,1
95,c_13,1
95,c_18,1
96,c_9,1
97,d_2,1
97,d_4,1
97,d_5,1
97,d_8,1
97,d_9,1
97,d_15,1
97,d_17,1
97,d_22,1
97,d_23,1
97,d_24,1
97,d_25,1
98,c_2,1
98,c_4,1
98,c_9,1
98,c_10,1
98,c_14,1
98,c_18,1
98,c_22,1
98,c_24,1
99,d_3,1
100,d_15,1
100,c_3,1
101,d_6,1
101,d_18,1
101,c_10,1
101,c_13,1
102,d_2,1
102,d_6,1
102,d_8,1
102,d_10,1
102,d_11,1
102,d_13,1
102,d_14,1
102,d_15,1
102,d_16,1
102,d_17,1
102,d_18,1
102,d_19,1
102,d_20,1
102,d_22,1
102,d_24,1
102,d_25,1
103,d_1,1
103,d_5,1
103,d_9,1
103,d_11,1
103,d_13,1
103,d_16,1
103,d_19,1
103,d_23,1
103,c_1,1
103,c_2,1
103,c_5,1
103,c_6,1
103,c_7,1
103,c_9,1
103,c_19,1
103,c_21,1
103,c_25,1
104,d_2,1
104,d_8,1
104,d_15,1
104,d_17,1
104,d_19,1
104,d_22,1
104,d_24,1
104,d_25,1
105,d_4,1
105,d_19,1
105,d_22,1
105,c_5,1
105,c_7,1
105,c_9,1
105,c_10,1
105,c_15,1
105,c_18,1
106,d_1,1
106,d_2,1
106,d_4,1
106,d_5,1
106,d_6,1
106,d_7,1
106,d_8,1
106,d_9,1
106,d_10,1
106,d_11,1
106,d_12,1
106,d_13,1
106,d_14,1
106,d_15,1
106,d_16,1
106,d_17,1
106,d_18,1
106,d_19,1
106,d_20,1
106,d_22,1
106,d_23,1
106,d_24,1
106,d_25,1
106,d_25,1
107,d_19,1
107,d_20,1
108,d_2,1
109,d_4,1
109,d_5,1
109,d_8,1
109,d_9,1
109,d_12,1
109,c_5,1
109,c_6,1
109,c_7,1
109,c_8,1
109,c_12,1
109,c_13,1
109,c_15,1
109,c_22,1
110,d_19,1
111,d_2,1
111,d_3,1
112,d_3,1
112,d_4,1
112,d_8,1
112,d_11,1
112,d_15,1
112,d_17,1
112,c_1,1
112,c_3,1
112,c_5,1
112,c_7,1
112,c_8,1
112,c_9,1
112,c_10,1
112,c_11,1
112,c_12,1
112,c_13,1
112,c_14,1
112,c_15,1
112,c_16,1
112,c_18,1
112,c_19,1
112,c_20,1
112,c_22,1
113,d_16,1
114,d_6,1
114,d_15,1
114,d_16,1
114,d_18,1
114,d_22,1
115,d_1,1
115,d_4,1
115,d_6,1
115,d_9,1
115,d_12,1
115,d_15,1
115,d_16,1
115,d_17,1
115,d_18,1
115,d_20,1
115,d_22,1
115,d_26,1
116,d_1,1
116,d_5,1
116,d_15,1
116,d_17,1
116,d_20,1
116,d_24,1
116,d_25,1
117,d_1,1
117,d_2,1
117,d_3,1
117,d_4,1
117,d_5,1
117,d_6,1
117,d_7,1
117,d_8,1
117,d_9,1
117,d_10,1
117,d_11,1
117,d_12,1
117,d_13,1
117,d_14,1
117,d_15,1
117,d_16,1
117,d_17,1
117,d_18,1
117,d_19,1
117,d_20,1
117,d_22,1
117,d_23,1
117,d_24,1
117,d_25,1
117,d_26,1
118,d_1,1
118,d_5,1
118,d_6,1
118,d_8,1
118,d_9,1
118,d_12,1
118,d_15,1
118,d_16,1
118,d_18,1
118,d_26,1
119,d_1,1
119,d_2,1
119,d_3,1
119,d_4,1
119,d_5,1
119,d_6,1
119,d_7,1
119,d_8,1
119,d_9,1
119,d_10,1
119,d_11,1
119,d_12,1
119,d_13,1
119,d_14,1
119,d_15,1
119,d_16,1
119,d_17,1
119,d_18,1
119,d_19,1
119,d_20,1
119,d_22,1
119,d_23,1
119,d_24,1
119,d_25,1
119,d_26,1
119,c_1,1
119,c_2,1
119,c_3,1
119,c_4,1
119,c_5,1
119,c_6,1
119,c_7,1
119,c_8,1
119,c_9,1
119,c_10,1
119,c_11,1
119,c_12,1
119,c_13,1
119,c_14,1
119,c_15,1
119,c_16,1
119,c_17,1
119,c_18,1
119,c_19,1
119,c_20,1
119,c_21,1
119,c_22,1
119,c_23,1
119,c_24,1
119,c_25,1
120,d_22,1
120,c_21,1
121,d_15,1
122,d_1,1
122,d_5,1
122,d_6,1
123,d_4,1
123,d_7,1
123,d_11,1
123,d_14,1
124,d_26,1
125,d_4,1
125,d_11,1
125,d_13,1
125,c_1,1
125,c_13,1
125,c_15,1
125,c_23,1
126,d_1,1
126,d_2,1
126,d_3,1
126,d_4,1
126,d_5,1
126,d_10,1
126,d_11,1
126,d_19,1
126,d_20,1
127,d_22,1
128,d_2,1
128,d_4,1
128,d_22,1
129,d_20,1
130,d_3,1
130,c_14,1
131,d_4,1
131,d_17,1
131,d_19,1
132,d_2,1
132,d_4,1
132,d_6,1
132,d_8,1
132,d_15,1
132,d_16,1
132,d_17,1
132,d_20,1
132,d_22,1
132,d_23,1
132,d_24,1
132,d_25,1
132,d_26,1
133,d_16,1
134,c_1,1
134,c_2,1
134,c_3,1
134,c_4,1
134,c_5,1
134,c_6,1
134,c_7,1
134,c_8,1
134,c_9,1
134,c_10,1
134,c_11,1
134,c_12,1
134,c_13,1
134,c_14,1
134,c_15,1
134,c_16,1
134,c_17,1
134,c_18,1
134,c_19,1
134,c_20,1
134,c_21,1
134,c_22,1
134,c_23,1
134,c_24,1
134,c_25,1
135,d_1,1
135,d_2,1
135,d_3,1
135,d_4,1
135,d_5,1
135,d_6,1
135,d_7,1
135,d_8,1
135,d_9,1
135,d_10,1
135,d_11,1
135,d_12,1
135,d_13,1
135,d_14,1
135,d_15,1
135,d_16,1
135,d_17,1
135,d_18,1
135,d_19,1
135,d_20,1
135,d_22,1
135,d_23,1
135,d_24,1
135,d_25,1
135,d_26,1
136,d_6,1
137,d_2,1
137,d_4,1
137,d_14,1
137,d_17,1
138,d_2,1
138,d_6,1
138,d_11,1
138,d_15,1
138,d_19,1
138,d_22,1
138,d_26,1
138,c_2,1
138,c_4,1
138,c_5,1
138,c_7,1
138,c_10,1
138,c_17,1
138,c_19,1
138,c_20,1
138,c_21,1
139,d_15,1
140,d_15,1
140,d_16,1
140,d_20,1
140,d_22,1
141,c_7,1
141,c_10,1
141,c_15,1
142,d_5,1
142,d_6,1
142,d_9,1
142,d_15,1
142,d_16,1
142,d_18,1
142,d_20,1
142,d_22,1
142,d_26,1
143,d_2,1
143,d_3,1
143,d_4,1
143,d_5,1
143,d_7,1
143,d_13,1
143,d_15,1
143,d_17,1
143,d_19,1
143,d_23,1
143,c_1,1
143,c_2,1
143,c_3,1
143,c_4,1
143,c_5,1
143,c_7,1
143,c_9,1
143,c_10,1
143,c_12,1
143,c_13,1
143,c_14,1
143,c_15,1
143,c_17,1
143,c_18,1
143,c_19,1
143,c_21,1
143,c_22,1
143,c_23,1
143,c_24,1
144,d_2,1
145,d_11,1
145,d_17,1
145,c_3,1
145,c_7,1
145,c_9,1
145,c_13,1
145,c_17,1
145,c_19,1
146,c_2,1
146,c_11,1
146,c_14,1
146,c_16,1
147,d_16,1
147,d_17,1
147,d_19,1
147,d_22,1
147,d_26,1
147,c_1,1
147,c_2,1
147,c_3,1
147,c_4,1
147,c_5,1
147,c_6,1
147,c_7,1
147,c_8,1
147,c_9,1
147,c_10,1
147,c_11,1
147,c_13,1
147,c_14,1
147,c_15,1
147,c_17,1
147,c_18,1
147,c_19,1
148,d_1,1
148,d_4,1
148,d_17,1
149,c_9,1
149,c_10,1
149,c_11,1
149,c_12,1
149,c_13,1
149,c_14,1
149,c_15,1
149,c_16,1
149,c_17,1
149,c_18,1
149,c_19,1
149,c_20,1
149,c_23,1
150,d_2,1
150,d_5,1
150,d_13,1
150,d_15,1
150,d_17,1
150,d_22,1
150,d_23,1
150,d_26,1
151,c_13,1
151,c_14,1
151,c_18,1
151,c_24,1
152,d_3,1
153,c_7,1
153,c_9,1
153,c_14,1
153,c_15,1
154,d_22,1
154,c_6,1
154,c_13,1
154,c_19,1
155,d_1,1
155,d_2,1
155,d_3,1
155,d_8,1
155,d_9,1
155,d_18,1
156,d_1,1
156,d_2,1
156,d_3,1
156,d_4,1
156,d_5,1
156,d_6,1
156,d_7,1
156,d_8,1
156,d_9,1
156,d_10,1
156,d_11,1
156,d_12,1
156,d_13,1
156,d_14,1
156,d_15,1
156,d_16,1
156,d_17,1
156,d_18,1
156,d_19,1
156,d_20,1
156,d_22,1
156,d_23,1
156,d_24,1
156,d_25,1
156,d_26,1
157,d_20,1
158,c_7,1
158,c_18,1
158,c_19,1
159,d_16,1
159,d_17,1
159,d_18,1
159,d_19,1
159,d_22,1
159,d_26,1
160,d_2,1
161,d_1,1
161,d_2,1
161,d_3,1
161,d_5,1
161,d_8,1
161,d_12,1
161,d_15,1
161,d_16,1
161,d_17,1
161,d_18,1
161,d_26,1
161,c_3,1
161,c_5,1
161,c_7,1
161,c_11,1
161,c_13,1
161,c_18,1
161,c_21,1
161,c_24,1
162,c_7,1
163,d_11,1
163,c_7,1
164,d_5,1
165,c_20,1
166,d_4,1
166,d_11,1
166,d_14,1
166,d_16,1
166,d_26,1
166,c_3,1
166,c_5,1
166,c_7,1
166,c_8,1
166,c_14,1
166,c_17,1
166,c_18,1
167,d_2,1
168,d_2,1
168,c_3,1
169,d_1,1
169,d_6,1
169,d_16,1
169,d_18,1
169,d_22,1
169,d_26,1
170,d_22,1
171,d_2,1
171,d_3,1
171,d_4,1
172,d_2,1
172,d_3,1
172,d_4,1
172,d_7,1
172,d_8,1
172,d_10,1
172,d_13,1
172,d_14,1
172,d_16,1
172,d_19,1
173,d_17,1
173,d_19,1
174,c_17,1
174,c_18,1
175,d_2,1
175,d_4,1
175,d_10,1
175,d_11,1
175,d_13,1
175,d_14,1
175,d_17,1
175,d_19,1
176,d_2,1
177,d_2,1
178,d_2,1
178,d_3,1
178,d_4,1
178,d_8,1
178,d_10,1
178,d_12,1
178,d_13,1
178,d_17,1
178,d_19,1
178,d_24,1
178,d_25,1
178,c_6,1
178,c_7,1
178,c_9,1
178,c_10,1
178,c_11,1
178,c_15,1
178,c_17,1
178,c_18,1
178,c_20,1
178,c_21,1
178,c_22,1
178,c_23,1
178,c_24,1
179,d_15,1
180,d_4,1
180,d_8,1
180,d_13,1
180,d_16,1
180,d_19,1
180,c_5,1
180,c_7,1
180,c_9,1
180,c_10,1
180,c_14,1
180,c_18,1
180,c_24,1
181,d_8,1
181,d_18,1
182,d_1,1
182,d_2,1
182,d_6,1
182,d_8,1
182,d_14,1
182,d_15,1
182,d_16,1
182,d_17,1
182,d_18,1
182,d_19,1
182,d_20,1
182,d_22,1
182,d_23,1
182,d_26,1
182,c_2,1
182,c_4,1
182,c_7,1
182,c_8,1
182,c_10,1
182,c_13,1
182,c_14,1
182,c_17,1
182,c_18,1
182,c_21,1
182,c_24,1
182,c_25,1
183,d_3,1
184,d_16,1
185,d_26,1
186,c_1,1
186,c_5,1
186,c_6,1
186,c_7,1
186,c_8,1
186,c_13,1
186,c_17,1
186,c_19,1
186,c_22,1
187,d_2,1
187,d_12,1
187,d_16,1
187,d_26,1
188,d_3,1
188,d_4,1
188,d_7,1
188,d_11,1
188,d_14,1
188,d_19,1
189,d_14,1
190,d_13,1
190,d_15,1
190,d_19,1
190,d_22,1
190,d_24,1
190,d_25,1
191,d_1,1
191,d_6,1
191,d_15,1
191,d_16,1
191,d_18,1
191,d_22,1
191,d_26,1
192,d_3,1
192,d_7,1
192,d_8,1
192,d_14,1
192,d_16,1
192,d_24,1
192,d_25,1
193,c_7,1
193,c_13,1
194,d_4,1
194,d_16,1
194,d_22,1
194,c_2,1
194,c_4,1
194,c_5,1
194,c_14,1
194,c_15,1
194,c_18,1
194,c_21,1
194,c_24,1
195,d_6,1
195,d_16,1
195,d_18,1
195,c_2,1
195,c_4,1
195,c_10,1
195,c_14,1
196,d_2,1
196,d_3,1
196,d_8,1
196,c_3,1
196,c_10,1
196,c_13,1
196,c_19,1
196,c_20,1
196,c_21,1
197,d_1,1
197,d_3,1
197,d_5,1
197,d_7,1
197,d_11,1
197,d_13,1
197,d_24,1
197,d_25,1
197,c_4,1
197,c_5,1
197,c_6,1
198,d_2,1
198,d_4,1
198,d_13,1
198,d_17,1
198,d_19,1
198,d_23,1
199,d_1,1
199,d_2,1
199,d_3,1
199,d_4,1
199,d_5,1
199,d_6,1
199,d_7,1
199,d_8,1
199,d_9,1
199,d_10,1
199,d_11,1
199,d_12,1
199,d_13,1
199,d_14,1
199,d_15,1
199,d_16,1
199,d_17,1
199,d_18,1
199,d_19,1
199,d_20,1
199,d_22,1
199,d_23,1
199,d_24,1
199,d_25,1
199,d_26,1
200,d_7,1
200,d_8,1
200,d_10,1
200,d_11,1
200,d_13,1
200,d_19,1
200,c_6,1
200,c_16,1
200,c_20,1
200,c_22,1
200,c_23,1
201,d_13,1
201,d_15,1
201,d_16,1
201,d_18,1
201,d_26,1
202,d_13,1
203,d_19,1
204,d_2,1
204,d_3,1
204,d_4,1
204,d_5,1
204,d_6,1
204,d_7,1
204,d_8,1
204,d_9,1
204,d_10,1
204,d_12,1
204,d_15,1
204,d_16,1
204,d_17,1
204,d_23,1
204,d_26,1
204,d_20,1
204,d_22,1
204,c_3,1
204,c_5,1
204,c_7,1
204,c_8,1
204,c_9,1
204,c_10,1
204,c_11,1
204,c_12,1
204,c_13,1
204,c_14,1
204,c_15,1
204,c_16,1
204,c_17,1
204,c_18,1
204,c_19,1
204,c_20,1
204,c_22,1
204,c_23,1
204,c_24,1
204,c_25,1
205,d_3,1
205,d_11,1
205,d_13,1
205,d_14,1
205,d_19,1
205,d_24,1
205,d_25,1
205,c_2,1
205,c_6,1
205,c_11,1
205,c_12,1
205,c_15,1
205,c_16,1
205,c_20,1
205,c_25,1
206,d_3,1
206,d_8,1
206,d_11,1
206,d_19,1
206,d_24,1
206,d_25,1
207,d_2,1
207,d_10,1
207,d_17,1
207,d_19,1
208,d_2,1
208,d_3,1
208,d_13,1
209,d_4,1
210,d_3,1
210,d_4,1
210,d_13,1
210,d_14,1
210,d_24,1
210,d_25,1
210,c_1,1
210,c_5,1
210,c_11,1
210,c_16,1
210,c_20,1
210,c_21,1
210,c_25,1
211,d_2,1
211,d_4,1
211,d_11,1
211,d_19,1
211,d_24,1
211,d_25,1
212,d_15,1
213,d_2,1
213,d_16,1
214,d_3,1
214,d_8,1
214,c_7,1
214,c_8,1
214,c_9,1
214,c_10,1
214,c_11,1
214,c_14,1
215,d_22,1
216,d_15,1
216,d_16,1
216,d_22,1
217,c_2,1
217,c_3,1
217,c_5,1
217,c_7,1
217,c_8,1
217,c_9,1
217,c_11,1
217,c_12,1
217,c_13,1
217,c_14,1
217,c_15,1
217,c_17,1
217,c_19,1
217,c_20,1
217,c_22,1
217,c_23,1
217,c_25,1
218,c_9,1
218,c_15,1
219,c_5,1
219,c_7,1
219,c_9,1
219,c_10,1
219,c_18,1
219,c_21,1
219,c_23,1
219,c_24,1
220,d_1,1
220,d_4,1
220,d_6,1
220,d_9,1
220,d_11,1
220,d_15,1
220,d_20,1
220,d_23,1
220,d_26,1
220,c_7,1
220,c_9,1
220,c_13,1
220,c_19,1
221,d_6,1
221,d_15,1
221,d_16,1
221,d_18,1
221,d_22,1
221,d_26,1
222,d_2,1
222,d_16,1
223,d_2,1
223,d_3,1
223,d_19,1
223,d_24,1
223,d_25,1
224,d_16,1
225,d_3,1
225,d_26,1
225,c_3,1
225,c_7,1
225,c_12,1
225,c_13,1
225,c_19,1
226,d_22,1
227,c_19,1
227,c_21,1
228,d_2,1
229,d_6,1
229,d_15,1
229,d_16,1
229,d_18,1
229,d_20,1
229,d_22,1
229,d_26,1
229,c_1,1
229,c_5,1
229,c_6,1
229,c_7,1
229,c_9,1
229,c_13,1
229,c_15,1
229,c_18,1
229,c_19,1
230,d_1,1
230,d_2,1
230,d_3,1
230,d_4,1
230,d_5,1
230,d_6,1
230,d_7,1
230,d_8,1
230,d_9,1
230,d_10,1
230,d_14,1
230,d_15,1
230,d_16,1
230,d_17,1
230,d_18,1
230,d_19,1
230,d_20,1
230,d_22,1
230,d_24,1
230,d_25,1
230,c_2,1
230,c_3,1
230,c_7,1
230,c_8,1
230,c_9,1
230,c_10,1
230,c_11,1
230,c_12,1
230,c_17,1
230,c_19,1
230,c_20,1
230,c_21,1
230,c_23,1
230,c_24,1
231,d_2,1
232,d_2,1
232,d_6,1
232,d_15,1
232,d_18,1
232,d_19,1
232,d_22,1
233,d_1,1
233,d_3,1
233,d_4,1
233,d_9,1
233,d_10,1
233,d_15,1
233,d_16,1
233,d_17,1
233,d_23,1
234,d_26,1
235,d_23,1
236,d_7,1
237,d_1,1
237,d_2,1
237,d_3,1
237,d_4,1
237,d_5,1
237,d_6,1
237,d_8,1
237,d_9,1
237,d_10,1
237,d_11,1
237,d_12,1
237,d_15,1
237,d_16,1
237,d_17,1
237,d_18,1
237,d_19,1
237,d_20,1
237,d_22,1
237,d_23,1
237,d_24,1
237,d_25,1
237,d_26,1
238,d_2,1
239,d_14,1
240,d_3,1
241,d_3,1
241,d_4,1
241,d_7,1
241,d_8,1
241,d_11,1
241,d_13,1
241,d_14,1
241,d_19,1
241,d_24,1
241,d_25,1
242,d_4,1
242,d_24,1
242,d_25,1
243,d_3,1
243,d_4,1
243,d_13,1
243,d_24,1
243,d_25,1
244,d_3,1
244,d_6,1
244,d_12,1
244,d_18,1
244,c_1,1
244,c_3,1
244,c_6,1
244,c_8,1
244,c_11,1
244,c_12,1
244,c_13,1
244,c_14,1
245,d_2,1
245,d_3,1
245,d_4,1
246,d_18,1
247,d_5,1
247,d_7,1
248,d_16,1
249,d_4,1
250,d_1,1
251,d_1,1
251,d_4,1
251,d_6,1
251,d_8,1
251,d_9,1
251,d_15,1
251,d_16,1
251,d_22,1
251,d_23,1
251,d_26,1
251,c_4,1
251,c_5,1
251,c_7,1
251,c_9,1
251,c_10,1
251,c_11,1
251,c_12,1
251,c_13,1
251,c_14,1
251,c_15,1
251,c_16,1
251,c_17,1
251,c_18,1
251,c_19,1
251,c_20,1
251,c_21,1
251,c_22,1
251,c_23,1
251,c_24,1
252,d_4,1
252,d_24,1
252,d_25,1
252,c_7,1
252,c_17,1
253,d_3,1
253,d_7,1
253,d_11,1
253,c_7,1
253,c_18,1
253,c_21,1
253,c_22,1
253,c_24,1
254,d_2,1
254,d_3,1
254,d_4,1
255,c_3,1
255,c_5,1
255,c_7,1
255,c_14,1
255,c_15,1
255,c_18,1
256,d_3,1
257,d_16,1
258,d_24,1
258,d_25,1
258,c_1,1
258,c_2,1
258,c_3,1
258,c_4,1
258,c_6,1
258,c_7,1
258,c_8,1
258,c_10,1
259,d_14,1
260,d_14,1
260,c_11,1
261,d_3,1
261,d_5,1
261,c_2,1
261,c_3,1
261,c_4,1
261,c_9,1
261,c_11,1
261,c_25,1
262,c_2,1
262,c_4,1
262,c_9,1
262,c_10,1
262,c_11,1
262,c_12,1
262,c_13,1
262,c_14,1
262,c_18,1
263,d_2,1
263,d_3,1
263,d_4,1
263,d_9,1
263,d_10,1
263,d_11,1
263,d_12,1
263,c_3,1
263,c_7,1
263,c_8,1
263,c_9,1
263,c_10,1
263,c_11,1
263,c_12,1
263,c_13,1
263,c_15,1
263,c_17,1
263,c_18,1
263,c_19,1
264,d_13,1
265,d_15,1
265,d_17,1
265,c_1,1
265,c_4,1
265,c_7,1
265,c_13,1
265,c_19,1
266,d_6,1
266,d_7,1
266,d_8,1
266,d_9,1
266,d_10,1
266,d_11,1
266,d_13,1
266,d_17,1
266,d_24,1
266,d_25,1
267,d_6,1
267,d_14,1
267,d_16,1
267,d_18,1
267,d_22,1
267,d_26,1
268,c_2,1
268,c_5,1
268,c_7,1
268,c_9,1
268,c_12,1
268,c_13,1
268,c_15,1
268,c_19,1
268,c_23,1
269,d_17,1
270,d_2,1
270,c_7,1
270,c_12,1
270,c_13,1
270,c_15,1
271,d_3,1
271,d_5,1
271,d_19,1
271,c_1,1
271,c_2,1
271,c_6,1
271,c_7,1
271,c_11,1
271,c_12,1
271,c_14,1
271,c_21,1
271,c_24,1
271,c_25,1
272,c_5,1
272,c_6,1
272,c_11,1
272,c_14,1
272,c_16,1
272,c_20,1
272,c_21,1
272,c_24,1
272,c_25,1
273,d_17,1
273,d_19,1
273,d_24,1
273,d_25,1
273,c_7,1
273,c_8,1
273,c_12,1
273,c_17,1
273,c_18,1
273,c_22,1
274,d_2,1
274,d_3,1
274,d_7,1
274,d_10,1
274,d_14,1
275,d_2,1
275,d_3,1
275,d_4,1
275,d_8,1
275,d_10,1
275,d_17,1
275,d_24,1
275,d_25,1
275,c_5,1
275,c_6,1
275,c_21,1
276,d_2,1
276,d_14,1
276,c_4,1
276,c_13,1
276,c_20,1
276,c_25,1
277,d_1,1
277,d_2,1
277,d_3,1
277,d_4,1
277,d_5,1
277,d_6,1
277,d_7,1
277,d_8,1
277,d_9,1
277,d_10,1
277,d_11,1
277,d_12,1
277,d_13,1
277,d_14,1
277,d_15,1
277,d_16,1
277,d_17,1
277,d_18,1
277,d_19,1
277,d_20,1
277,d_22,1
277,d_23,1
277,d_24,1
277,d_25,1
277,d_26,1
278,d_15,1
279,c_1,1
279,c_9,1
279,c_10,1
279,c_11,1
279,c_12,1
279,c_15,1
279,c_17,1
279,c_18,1
280,d_2,1
281,d_2,1
282,d_24,1
282,d_25,1
283,d_2,1
283,d_3,1
283,d_4,1
283,d_11,1
284,d_15,1
284,d_16,1
284,d_17,1
284,c_1,1
284,c_2,1
284,c_3,1
284,c_4,1
284,c_5,1
284,c_6,1
284,c_7,1
284,c_8,1
284,c_9,1
284,c_10,1
284,c_11,1
284,c_12,1
284,c_13,1
284,c_14,1
284,c_15,1
284,c_16,1
284,c_17,1
284,c_18,1
284,c_19,1
284,c_20,1
284,c_21,1
284,c_22,1
284,c_23,1
284,c_24,1
284,c_25,1
285,d_10,1
285,d_13,1
285,d_14,1
285,d_17,1
285,d_23,1
285,c_2,1
285,c_4,1
285,c_9,1
285,c_11,1
285,c_12,1
285,c_13,1
285,c_14,1
285,c_18,1
285,c_19,1
285,c_20,1
285,c_21,1
286,d_1,1
286,d_5,1
286,d_6,1
286,d_9,1
286,d_12,1
286,d_15,1
286,d_16,1
286,d_26,1
287,d_16,1
288,d_15,1
289,d_8,1
289,c_13,1
290,d_3,1
290,d_14,1
290,d_19,1
290,d_24,1
290,d_25,1
290,c_5,1
290,c_9,1
290,c_25,1
291,d_3,1
291,d_11,1
291,d_19,1
292,d_1,1
292,d_2,1
292,d_3,1
292,d_4,1
292,d_5,1
292,d_6,1
292,d_7,1
292,d_8,1
292,d_9,1
292,d_10,1
292,d_11,1
292,d_12,1
292,d_13,1
292,d_14,1
292,d_15,1
292,d_16,1
292,d_17,1
292,d_18,1
292,d_19,1
292,d_20,1
292,d_22,1
292,d_23,1
292,d_24,1
292,d_25,1
292,d_26,1
292,c_1,1
292,c_2,1
292,c_3,1
292,c_4,1
292,c_5,1
292,c_6,1
292,c_7,1
292,c_8,1
292,c_9,1
292,c_10,1
292,c_11,1
292,c_12,1
292,c_13,1
292,c_14,1
292,c_15,1
292,c_16,1
292,c_17,1
292,c_18,1
292,c_19,1
292,c_20,1
292,c_21,1
292,c_22,1
292,c_23,1
292,c_24,1
292,c_25,1
293,d_1,1
293,d_5,1
293,d_6,1
293,d_8,1
294,c_25,1
295,d_7,1
295,d_10,1
295,d_13,1
295,d_19,1
295,d_23,1
296,d_16,1
297,c_19,1
298,d_16,1
299,d_11,1
299,c_5,1
300,d_3,1
300,d_5,1
300,d_6,1
300,d_16,1
300,d_18,1
301,d_1,1
301,d_2,1
301,d_3,1
301,d_4,1
301,d_5,1
301,d_7,1
301,d_8,1
301,d_10,1
301,d_11,1
301,d_12,1
301,d_13,1
301,d_19,1
301,c_23,1
301,c_24,1
301,c_25,1
302,c_10,1
303,d_22,1
304,d_2,1
304,d_6,1
304,d_10,1
304,d_12,1
304,d_15,1
304,d_16,1
304,d_22,1
305,d_16,1
305,c_10,1
306,d_4,1
306,c_25,1
307,d_6,1
307,d_11,1
307,d_14,1
307,d_15,1
307,d_16,1
307,d_18,1
308,d_1,1
308,d_6,1
308,d_15,1
308,d_16,1
308,d_18,1
308,d_22,1
308,d_26,1
309,d_4,1
309,d_5,1
309,d_6,1
309,d_7,1
309,d_8,1
309,d_10,1
309,d_11,1
309,d_12,1
309,d_13,1
309,d_14,1
309,d_15,1
309,d_16,1
309,d_17,1
309,d_18,1
309,d_19,1
309,d_20,1
309,d_22,1
309,d_23,1
309,d_24,1
309,d_25,1
309,d_26,1